District,Score
Bayview,0.3867416580331389
Central,0.5903814125263639
Ingleside,0.2830599102949316
Mission,0.8973192305521338
Northern,0.7775158982857268
Out of SF,0.0
Park,0.0340763648783542
Richmond,0.0564403727362959
Southern,1.0
Taraval,0.1612927818925611
Tenderloin,0.6887325577767125
