District,Score
Bayview,2.350684245599322
Central,2.384299158918528
Ingleside,0.2830599102949316
Mission,2.350684245599322
Northern,2.350684245599322
Out of SF,2.350684245599322
Park,0.0340763648783542
Richmond,0.0564403727362959
Southern,2.350684245599322
Taraval,2.350684245599322
Tenderloin,2.350684245599322
