District,Score
Bayview,0.5595910282285741
Central,0.724660843280534
Ingleside,0.4624349086009165
Mission,0.9359638932869573
Northern,0.7616935923875414
Out of SF,0.0
Park,0.12681637173708132
Richmond,0.17262507247520323
Southern,1.0
Taraval,0.3279161759953939
Tenderloin,0.7962214538847513
