District,Score
Bayview,0.3867416580331389
Central,0.5903814125263639
Ingleside,0.2830599102949316
Mission,0.8973192305521338
Northern,0.6405468318567582
Out of SF,0.0
Park,0.03407636487835423
Richmond,0.05644037273629598
Southern,1.0
Taraval,0.16129278189256113
Tenderloin,0.6887325577767125
