District,Score
Bayview,0.4530224505308846
Central,0.6446551156790934
Ingleside,0.34932045088414543
Mission,0.9136700846553711
Northern,0.6897949243914709
Out of SF,0.0
Park,0.0598593218743376
Richmond,0.09116440465502686
Southern,1.0
Taraval,0.2186459632556055
Tenderloin,0.7331071634220404
